{"swagger":"2.0","info":{"title":"Document Translation Service","description":"Swagger definition for Power Apps custom connector using Azure Functions API.","version":"1.0.0"},"host":"func-translator-demo-fffbc0bkdpceeaaq.francecentral-01.azurewebsites.net","basePath":"/api","schemes":["https"],"consumes":[],"produces":[],"paths":{"/health":{"get":{"summary":"Health check","operationId":"Health","responses":{"200":{"description":"Service is healthy","schema":{"type":"object","properties":{"success":{"type":"boolean"},"timestamp":{"type":"string"},"status":{"type":"string"},"translator":{"type":"string"},"blob_storage":{"type":"string"},"onedrive":{"type":"string"}}}}}}},"/languages":{"get":{"summary":"List supported languages","operationId":"Languages","responses":{"200":{"description":"Languages supported","schema":{"type":"object","properties":{"success":{"type":"boolean"},"timestamp":{"type":"string"},"languages":{"type":"object"},"count":{"type":"integer"}}}}}}},"/formats":{"get":{"summary":"List supported file formats","operationId":"Formats","responses":{"200":{"description":"File formats supported","schema":{"type":"object","properties":{"success":{"type":"boolean"},"timestamp":{"type":"string"},"formats":{"type":"object"},"count":{"type":"integer"}}}}}}},"/start_translation":{"post":{"summary":"Start translation","operationId":"StartTranslation","parameters":[{"name":"body","in":"body","required":true,"schema":{"type":"object","properties":{"blob_name":{"type":"string","x-ms-summary":"Blob Name"},"target_language":{"type":"string","x-ms-summary":"Target Language"},"user_id":{"type":"string","x-ms-summary":"User ID"}},"required":["blob_name","target_language","user_id"]}}],"responses":{"200":{"description":"Translation started","schema":{"type":"object","properties":{"success":{"type":"boolean"},"timestamp":{"type":"string"},"data":{"type":"object","properties":{"success":{"type":"boolean"},"translation_id":{"type":"string"},"message":{"type":"string"},"status":{"type":"string"},"target_language":{"type":"string"},"estimated_time":{"type":"string"}}}}}}}}},"/check_status":{"get":{"summary":"Check translation status","operationId":"CheckStatus","parameters":[{"name":"translation_id","in":"query","required":true,"type":"string","x-ms-summary":"Translation ID"}],"responses":{"200":{"description":"Current translation status","schema":{"type":"object","properties":{"success":{"type":"boolean"},"timestamp":{"type":"string"},"data":{"type":"object","properties":{"translation_id":{"type":"string"},"status":{"type":"string"},"progress":{"type":"string"},"created_at":{"type":"string"},"last_updated":{"type":"string"},"total":{"type":"integer"},"failed":{"type":"integer"},"success_count":{"type":"integer"},"in_progress":{"type":"integer"}}}}}}}}},"/get_result":{"post":{"summary":"Get translation result","operationId":"GetResult","parameters":[{"name":"body","in":"body","required":true,"schema":{"type":"object","properties":{"blob_name":{"type":"string","x-ms-summary":"Blob Name"},"target_language":{"type":"string","x-ms-summary":"Target Language"},"user_id":{"type":"string","x-ms-summary":"User ID"}},"required":["blob_name","target_language","user_id"]}}],"responses":{"200":{"description":"Translation result","schema":{"type":"object","properties":{"success":{"type":"boolean"},"timestamp":{"type":"string"},"data":{"type":"object","properties":{"blob_name":{"type":"string"},"target_language":{"type":"string"},"output_blob_name":{"type":"string"},"download_url":{"type":"string"},"user_id":{"type":"string"}}}}}}}}}},"definitions":{},"parameters":{},"responses":{},"securityDefinitions":{"api_key":{"type":"apiKey","in":"query","name":"code"}},"security":[{"api_key":[]}],"tags":[]}