<environmentvariabledefinition schemaname="bcl_functranslatordemohealth">
  <defaultvalue>https://func-translator-demo-fffbc0bkdpceeaaq.francecentral-01.azurewebsites.net/api/health?code=6MF05rs8TlELbXaYoTOC9jEd20bJ2SUWhGiJjx2Y61TxAzFu1iz9Kw==</defaultvalue>
  <displayname default="func-translator-demo-health">
    <label description="func-translator-demo-health" languagecode="1036" />
  </displayname>
  <introducedversion>1.0.0.3</introducedversion>
  <iscustomizable>1</iscustomizable>
  <isrequired>0</isrequired>
  <secretstore>0</secretstore>
  <type>100000000</type>
</environmentvariabledefinition>