<botcomponent schemaname="crb02_assistant1_I8b4_o.topic.MultipleTopicsMatched">
  <componenttype>9</componenttype>
  <description>Cette rubrique système se déclenche lorsque l’assistant associe plusieurs rubriques au message entrant et qu’il a besoin de précisions afin de savoir laquelle doit être utilisée.</description>
  <iscustomizable>0</iscustomizable>
  <name>Plusieurs rubriques correspondent</name>
  <parentbotid>
    <schemaname>crb02_assistant1_I8b4_o</schemaname>
  </parentbotid>
  <statecode>0</statecode>
  <statuscode>1</statuscode>
</botcomponent>