<aiplugin name="msdynaip_08d5ea2e-280f-429b-b6bd-477cd396cdbf">
  <humandescription>Stockage Microsoft Azure fournit un stockage massivement scalable, durable et hautement disponible pour les données dans le cloud et sert de solution de stockage de données pour les applications modernes. Connectez-vous à Stockage Blob pour effectuer diverses opérations, telles que la création, la mise à jour, l’obtention et la suppression d’objets blob dans votre compte Stockage Azure.</humandescription>
  <humanname>Stockage Blob Azure</humanname>
  <iscustomizable>1</iscustomizable>
  <modeldescription>Stockage Microsoft Azure fournit un stockage massivement scalable, durable et hautement disponible pour les données dans le cloud et sert de solution de stockage de données pour les applications modernes. Connectez-vous à Stockage Blob pour effectuer diverses opérations, telles que la création, la mise à jour, l’obtention et la suppression d’objets blob dans votre compte Stockage Azure.</modeldescription>
  <modelname>Stockage Blob Azure</modelname>
  <pluginsubtype>8</pluginsubtype>
  <plugintype>2</plugintype>
  <schemaversion>0</schemaversion>
  <sharedconnector>shared_azureblob</sharedconnector>
  <statecode>0</statecode>
  <statuscode>1</statuscode>
</aiplugin>