<botcomponent schemaname="crb02_assistant1_I8b4_o.topic.Goodbye">
  <componenttype>9</componenttype>
  <description>Cette rubrique se déclenche quand l’utilisateur dit au revoir. Par défaut, elle ne termine pas la conversation. Si vous souhaitez terminer la conversation quand l’utilisateur dit au revoir, vous pouvez ajouter une action « Fin de la conversation » à cette rubrique, ou rediriger vers la rubrique système « Fin de la conversation ».</description>
  <iscustomizable>0</iscustomizable>
  <name>Au revoir</name>
  <parentbotid>
    <schemaname>crb02_assistant1_I8b4_o</schemaname>
  </parentbotid>
  <statecode>1</statecode>
  <statuscode>2</statuscode>
</botcomponent>