<botcomponent_connectionreferenceset>
  <botcomponent_connectionreference botcomponentid.schemaname="crb02_assistant1_I8b4_o.action.StockageBlobAzure-CrerunobjetblobV2" connectionreferenceid.connectionreferencelogicalname="crb02_assistant1_I8b4_o.shared_azureblob.shared-azureblob-2a7cede1-268f-43d7-837a-207f8c766ee3">
    <iscustomizable>1</iscustomizable>
  </botcomponent_connectionreference>
  <botcomponent_connectionreference botcomponentid.schemaname="crb02_assistant1_I8b4_o.action.trad-Checktranslationstatus" connectionreferenceid.connectionreferencelogicalname="crb02_assistant1_I8b4_o.shared_trad-5f2eccab2e875b1307-5f6f8b7ace4f2ec7eb.1e20275fe5ce4c53b7bf96d096a817c8">
    <iscustomizable>1</iscustomizable>
  </botcomponent_connectionreference>
  <botcomponent_connectionreference botcomponentid.schemaname="crb02_assistant1_I8b4_o.action.trad-Gettranslationresult" connectionreferenceid.connectionreferencelogicalname="crb02_assistant1_I8b4_o.shared_trad-5f2eccab2e875b1307-5f6f8b7ace4f2ec7eb.1e20275fe5ce4c53b7bf96d096a817c8">
    <iscustomizable>1</iscustomizable>
  </botcomponent_connectionreference>
  <botcomponent_connectionreference botcomponentid.schemaname="crb02_assistant1_I8b4_o.action.trad-Starttranslation" connectionreferenceid.connectionreferencelogicalname="crb02_assistant1_I8b4_o.shared_trad-5f2eccab2e875b1307-5f6f8b7ace4f2ec7eb.1e20275fe5ce4c53b7bf96d096a817c8">
    <iscustomizable>1</iscustomizable>
  </botcomponent_connectionreference>
</botcomponent_connectionreferenceset>