<botcomponent_environmentvariabledefinitionset>
  <botcomponent_environmentvariabledefinition botcomponentid.schemaname="crb02_assistant1_I8b4_o.topic.Sanstitre" environmentvariabledefinitionid.schemaname="bcl_functranslatordemohealth">
    <iscustomizable>1</iscustomizable>
  </botcomponent_environmentvariabledefinition>
  <botcomponent_environmentvariabledefinition botcomponentid.schemaname="crb02_assistant1_I8b4_o.topic.Upload_document" environmentvariabledefinitionid.schemaname="bcl_functranslatordemocheck_status">
    <iscustomizable>1</iscustomizable>
  </botcomponent_environmentvariabledefinition>
  <botcomponent_environmentvariabledefinition botcomponentid.schemaname="crb02_assistant1_I8b4_o.topic.Upload_document" environmentvariabledefinitionid.schemaname="bcl_functranslatordemoget_result">
    <iscustomizable>1</iscustomizable>
  </botcomponent_environmentvariabledefinition>
</botcomponent_environmentvariabledefinitionset>