<aipluginoperation aiplugin.name="msdynaip_c82a4649-86d6-429a-b2ba-9f7015892722" operationid="msdynaip_CreateFile_V2">
  <aipluginoperationexportkey>aiplugin.name=msdynaip_c82a4649-86d6-429a-b2ba-9f7015892722,operationid=msdynaip_CreateFile_V2</aipluginoperationexportkey>
  <description>Cette opération charge un objet blob dans le stockage Blob Azure.</description>
  <isconsequential>0</isconsequential>
  <iscustomizable>1</iscustomizable>
  <name>Créer un objet blob (V2)</name>
  <referencedoperationid>CreateFile_V2</referencedoperationid>
  <responsesemantics>{"cardType":"default","data_path":"","properties":{},"defaultValues":{}}</responsesemantics>
  <statecode>0</statecode>
  <statuscode>1</statuscode>
</aipluginoperation>