<environmentvariabledefinition schemaname="bcl_functranslatordemoget_result">
  <defaultvalue>https://func-translator-demo-fffbc0bkdpceeaaq.francecentral-01.azurewebsites.net/api/get_result?code=Gl_UwggCo5fBrUilUJI5r0lNs4dnazKV386YZl-9wFgJAzFu9ImTKA==</defaultvalue>
  <displayname default="func-translator-demo-get_result">
    <label description="func-translator-demo-get_result" languagecode="1036" />
  </displayname>
  <introducedversion>1.0.0.3</introducedversion>
  <iscustomizable>1</iscustomizable>
  <isrequired>0</isrequired>
  <secretstore>0</secretstore>
  <type>100000000</type>
</environmentvariabledefinition>