<aipluginoperation aiplugin.name="msdynaip_08d5ea2e-280f-429b-b6bd-477cd396cdbf" operationid="msdynaip_AppendFile_V2">
  <aipluginoperationexportkey>aiplugin.name=msdynaip_08d5ea2e-280f-429b-b6bd-477cd396cdbf,operationid=msdynaip_AppendFile_V2</aipluginoperationexportkey>
  <description>Cette opération ajoute à un blob.</description>
  <isconsequential>0</isconsequential>
  <iscustomizable>1</iscustomizable>
  <name>Ajouter l’objet blob (V2)</name>
  <referencedoperationid>AppendFile_V2</referencedoperationid>
  <responsesemantics>{"cardType":"default","data_path":"","properties":{},"defaultValues":{}}</responsesemantics>
  <statecode>0</statecode>
  <statuscode>1</statuscode>
</aipluginoperation>