<ImportExportXml xmlns:xsi="http://www.w3.org/2001/XMLSchema-instance" OrganizationVersion="9.2.25072.156" OrganizationSchemaType="Standard" CRMServerServiceabilityVersion="9.2.25072.00156">
  <Entities></Entities>
  <Roles></Roles>
  <Workflows>
    <Workflow WorkflowId="{3003acac-1559-f011-bec2-002248da8bcc}" Name="Delai-20" Description="When an agent calls the flow and send back a response.">
      <JsonFileName>/Workflows/Delai-20-3003ACAC-1559-F011-BEC2-002248DA8BCC.json</JsonFileName>
      <Type>1</Type>
      <Subprocess>0</Subprocess>
      <Category>5</Category>
      <Mode>0</Mode>
      <Scope>4</Scope>
      <OnDemand>0</OnDemand>
      <TriggerOnCreate>0</TriggerOnCreate>
      <TriggerOnDelete>0</TriggerOnDelete>
      <AsyncAutodelete>0</AsyncAutodelete>
      <SyncWorkflowLogOnFailure>0</SyncWorkflowLogOnFailure>
      <StateCode>1</StateCode>
      <StatusCode>2</StatusCode>
      <RunAs>1</RunAs>
      <IsTransacted>1</IsTransacted>
      <IntroducedVersion>1.0</IntroducedVersion>
      <IsCustomizable>1</IsCustomizable>
      <IsCustomProcessingStepAllowedForOtherPublishers>1</IsCustomProcessingStepAllowedForOtherPublishers>
      <ModernFlowType>1</ModernFlowType>
      <PrimaryEntity>none</PrimaryEntity>
      <LocalizedNames>
        <LocalizedName languagecode="1036" description="Delai-20" />
      </LocalizedNames>
      <Descriptions>
        <Description languagecode="1036" description="When an agent calls the flow and send back a response." />
      </Descriptions>
    </Workflow>
  </Workflows>
  <FieldSecurityProfiles></FieldSecurityProfiles>
  <Templates />
  <EntityMaps />
  <EntityRelationships />
  <OrganizationSettings />
  <optionsets />
  <CustomControls />
  <EntityDataProviders />
  <Connectors>
    <Connector>
      <connectorid>290bc3e4-7d74-4d08-9981-75f608f48372</connectorid>
      <description>Swagger definition for Power Apps custom connector using Azure Functions API.</description>
      <displayname>trad</displayname>
      <iconbrandcolor>#007ee5</iconbrandcolor>
      <name>bcl_trad</name>
      <connectortype>1</connectortype>
      <openapidefinition>/Connector/bcl_trad_openapidefinition.json</openapidefinition>
      <connectionparameters>/Connector/bcl_trad_connectionparameters.json</connectionparameters>
      <policytemplateinstances>/Connector/bcl_trad_policytemplateinstances.json</policytemplateinstances>
      <iconblob>/Connector/bcl_trad_iconblob.Png</iconblob>
    </Connector>
  </Connectors>
  <aipluginoperationparameters>
    <aipluginoperationparameter aipluginoperationparameterid="20f93711-e524-f011-8c4d-000d3a9589ba">
      <aipluginoperation>
        <aiplugin.name>msdynaip_08d5ea2e-280f-429b-b6bd-477cd396cdbf</aiplugin.name>
        <operationid>msdynaip_AppendFile_V2</operationid>
      </aipluginoperation>
      <description>Nom du fichier ou dossier.</description>
      <iscustomizable>1</iscustomizable>
      <path>output/200/#/definitions/BlobMetadata/Name</path>
      <propertyname>Name</propertyname>
      <statecode>0</statecode>
      <statuscode>1</statuscode>
    </aipluginoperationparameter>
    <aipluginoperationparameter aipluginoperationparameterid="26f93711-e524-f011-8c4d-000d3a9589ba">
      <aipluginoperation>
        <aiplugin.name>msdynaip_08d5ea2e-280f-429b-b6bd-477cd396cdbf</aiplugin.name>
        <operationid>msdynaip_AppendFile_V2</operationid>
      </aipluginoperation>
      <description>Chemin d'accès au fichier ou dossier.</description>
      <iscustomizable>1</iscustomizable>
      <path>output/200/#/definitions/BlobMetadata/Path</path>
      <propertyname>Path</propertyname>
      <statecode>0</statecode>
      <statuscode>1</statuscode>
    </aipluginoperationparameter>
    <aipluginoperationparameter aipluginoperationparameterid="2af93711-e524-f011-8c4d-000d3a9589ba">
      <aipluginoperation>
        <aiplugin.name>msdynaip_08d5ea2e-280f-429b-b6bd-477cd396cdbf</aiplugin.name>
        <operationid>msdynaip_AppendFile_V2</operationid>
      </aipluginoperation>
      <description>Taille du fichier ou dossier.</description>
      <iscustomizable>1</iscustomizable>
      <path>output/200/#/definitions/BlobMetadata/Size</path>
      <propertyname>Size</propertyname>
      <statecode>0</statecode>
      <statuscode>1</statuscode>
    </aipluginoperationparameter>
    <aipluginoperationparameter aipluginoperationparameterid="2ef93711-e524-f011-8c4d-000d3a9589ba">
      <aipluginoperation>
        <aiplugin.name>msdynaip_08d5ea2e-280f-429b-b6bd-477cd396cdbf</aiplugin.name>
        <operationid>msdynaip_AppendFile_V2</operationid>
      </aipluginoperation>
      <description>Type multimédia du fichier ou dossier.</description>
      <iscustomizable>1</iscustomizable>
      <path>output/200/#/definitions/BlobMetadata/MediaType</path>
      <propertyname>MediaType</propertyname>
      <statecode>0</statecode>
      <statuscode>1</statuscode>
    </aipluginoperationparameter>
    <aipluginoperationparameter aipluginoperationparameterid="32f93711-e524-f011-8c4d-000d3a9589ba">
      <aipluginoperation>
        <aiplugin.name>msdynaip_08d5ea2e-280f-429b-b6bd-477cd396cdbf</aiplugin.name>
        <operationid>msdynaip_AppendFile_V2</operationid>
      </aipluginoperation>
      <description>Valeur booléenne (true, false) déterminant si le blob est un dossier.</description>
      <iscustomizable>1</iscustomizable>
      <path>output/200/#/definitions/BlobMetadata/IsFolder</path>
      <propertyname>IsFolder</propertyname>
      <statecode>0</statecode>
      <statuscode>1</statuscode>
    </aipluginoperationparameter>
    <aipluginoperationparameter aipluginoperationparameterid="39f93711-e524-f011-8c4d-000d3a9589ba">
      <aipluginoperation>
        <aiplugin.name>msdynaip_08d5ea2e-280f-429b-b6bd-477cd396cdbf</aiplugin.name>
        <operationid>msdynaip_AppendFile_V2</operationid>
      </aipluginoperation>
      <description>Etag du fichier ou dossier.</description>
      <iscustomizable>1</iscustomizable>
      <path>output/200/#/definitions/BlobMetadata/ETag</path>
      <propertyname>ETag</propertyname>
      <statecode>0</statecode>
      <statuscode>1</statuscode>
    </aipluginoperationparameter>
    <aipluginoperationparameter aipluginoperationparameterid="4f950154-e92f-f011-8c4d-002248da8bcc">
      <aipluginoperation>
        <aiplugin.name>msdynaip_c82a4649-86d6-429a-b2ba-9f7015892722</aiplugin.name>
        <operationid>msdynaip_CreateFile_V2</operationid>
      </aipluginoperation>
      <iscustomizable>1</iscustomizable>
      <path>input/path/connectionId</path>
      <propertyname>connectionId</propertyname>
      <statecode>0</statecode>
      <statuscode>1</statuscode>
    </aipluginoperationparameter>
    <aipluginoperationparameter aipluginoperationparameterid="54950154-e92f-f011-8c4d-002248da8bcc">
      <aipluginoperation>
        <aiplugin.name>msdynaip_c82a4649-86d6-429a-b2ba-9f7015892722</aiplugin.name>
        <operationid>msdynaip_CreateFile_V2</operationid>
      </aipluginoperation>
      <description>Spécifiez le chemin d’accès du dossier à charger.</description>
      <iscustomizable>1</iscustomizable>
      <path>input/query/folderPath</path>
      <propertyname>folderPath</propertyname>
      <statecode>0</statecode>
      <statuscode>1</statuscode>
    </aipluginoperationparameter>
    <aipluginoperationparameter aipluginoperationparameterid="58950154-e92f-f011-8c4d-002248da8bcc">
      <aipluginoperation>
        <aiplugin.name>msdynaip_c82a4649-86d6-429a-b2ba-9f7015892722</aiplugin.name>
        <operationid>msdynaip_CreateFile_V2</operationid>
      </aipluginoperation>
      <description>Spécifiez le nom du blob à créer.</description>
      <iscustomizable>1</iscustomizable>
      <path>input/query/name</path>
      <propertyname>name</propertyname>
      <statecode>0</statecode>
      <statuscode>1</statuscode>
    </aipluginoperationparameter>
    <aipluginoperationparameter aipluginoperationparameterid="598ddb0a-e524-f011-8c4d-000d3a9589ba">
      <aipluginoperation>
        <aiplugin.name>msdynaip_08d5ea2e-280f-429b-b6bd-477cd396cdbf</aiplugin.name>
        <operationid>msdynaip_AppendFile_V2</operationid>
      </aipluginoperation>
      <iscustomizable>1</iscustomizable>
      <path>input/path/connectionId</path>
      <propertyname>connectionId</propertyname>
      <statecode>0</statecode>
      <statuscode>1</statuscode>
    </aipluginoperationparameter>
    <aipluginoperationparameter aipluginoperationparameterid="5c950154-e92f-f011-8c4d-002248da8bcc">
      <aipluginoperation>
        <aiplugin.name>msdynaip_c82a4649-86d6-429a-b2ba-9f7015892722</aiplugin.name>
        <operationid>msdynaip_CreateFile_V2</operationid>
      </aipluginoperation>
      <description>Obtient toutes les métadonnées de fichier du serveur une fois la création terminée. Si la valeur est false, il se peut que certaines propriétés de métadonnées, comme l’heure de dernière modification, ne soient pas retournées.</description>
      <iscustomizable>1</iscustomizable>
      <path>input/header/ReadFileMetadataFromServer</path>
      <propertyname>ReadFileMetadataFromServer</propertyname>
      <statecode>0</statecode>
      <statuscode>1</statuscode>
    </aipluginoperationparameter>
    <aipluginoperationparameter aipluginoperationparameterid="5e8ddb0a-e524-f011-8c4d-000d3a9589ba">
      <aipluginoperation>
        <aiplugin.name>msdynaip_08d5ea2e-280f-429b-b6bd-477cd396cdbf</aiplugin.name>
        <operationid>msdynaip_AppendFile_V2</operationid>
      </aipluginoperation>
      <description>Spécifiez l’objet blob auquel ajouter.</description>
      <iscustomizable>1</iscustomizable>
      <path>input/path/id</path>
      <propertyname>id</propertyname>
      <statecode>0</statecode>
      <statuscode>1</statuscode>
    </aipluginoperationparameter>
    <aipluginoperationparameter aipluginoperationparameterid="60950154-e92f-f011-8c4d-002248da8bcc">
      <aipluginoperation>
        <aiplugin.name>msdynaip_c82a4649-86d6-429a-b2ba-9f7015892722</aiplugin.name>
        <operationid>msdynaip_CreateFile_V2</operationid>
      </aipluginoperation>
      <description>input</description>
      <iscustomizable>1</iscustomizable>
      <path>input/body/input</path>
      <propertyname>input</propertyname>
      <statecode>0</statecode>
      <statuscode>1</statuscode>
    </aipluginoperationparameter>
    <aipluginoperationparameter aipluginoperationparameterid="628ddb0a-e524-f011-8c4d-000d3a9589ba">
      <aipluginoperation>
        <aiplugin.name>msdynaip_08d5ea2e-280f-429b-b6bd-477cd396cdbf</aiplugin.name>
        <operationid>msdynaip_AppendFile_V2</operationid>
      </aipluginoperation>
      <description>Obtient toutes les métadonnées de fichier du serveur une fois le fichier ajouté. Si la valeur est false, il se peut que certaines propriétés de métadonnées, comme l’heure de dernière modification, ne soient pas retournées.</description>
      <iscustomizable>1</iscustomizable>
      <path>input/header/ReadFileMetadataFromServer</path>
      <propertyname>ReadFileMetadataFromServer</propertyname>
      <statecode>0</statecode>
      <statuscode>1</statuscode>
    </aipluginoperationparameter>
    <aipluginoperationparameter aipluginoperationparameterid="64950154-e92f-f011-8c4d-002248da8bcc">
      <aipluginoperation>
        <aiplugin.name>msdynaip_c82a4649-86d6-429a-b2ba-9f7015892722</aiplugin.name>
        <operationid>msdynaip_CreateFile_V2</operationid>
      </aipluginoperation>
      <description>Nom du fichier ou dossier.</description>
      <iscustomizable>1</iscustomizable>
      <path>output/200/#/definitions/BlobMetadata/Name</path>
      <propertyname>Name</propertyname>
      <statecode>0</statecode>
      <statuscode>1</statuscode>
    </aipluginoperationparameter>
    <aipluginoperationparameter aipluginoperationparameterid="686de253-e92f-f011-8c4d-000d3a9589ba">
      <aipluginoperation>
        <aiplugin.name>msdynaip_c82a4649-86d6-429a-b2ba-9f7015892722</aiplugin.name>
        <operationid>msdynaip_CreateFile_V2</operationid>
      </aipluginoperation>
      <description>Nom du compte de stockage Azure ou point de terminaison d’objet blob.</description>
      <iscustomizable>1</iscustomizable>
      <path>input/path/dataset</path>
      <propertyname>dataset</propertyname>
      <statecode>0</statecode>
      <statuscode>1</statuscode>
    </aipluginoperationparameter>
    <aipluginoperationparameter aipluginoperationparameterid="68950154-e92f-f011-8c4d-002248da8bcc">
      <aipluginoperation>
        <aiplugin.name>msdynaip_c82a4649-86d6-429a-b2ba-9f7015892722</aiplugin.name>
        <operationid>msdynaip_CreateFile_V2</operationid>
      </aipluginoperation>
      <description>Nom d'affichage du fichier ou dossier.</description>
      <iscustomizable>1</iscustomizable>
      <path>output/200/#/definitions/BlobMetadata/DisplayName</path>
      <propertyname>DisplayName</propertyname>
      <statecode>0</statecode>
      <statuscode>1</statuscode>
    </aipluginoperationparameter>
    <aipluginoperationparameter aipluginoperationparameterid="6c6de253-e92f-f011-8c4d-000d3a9589ba">
      <aipluginoperation>
        <aiplugin.name>msdynaip_c82a4649-86d6-429a-b2ba-9f7015892722</aiplugin.name>
        <operationid>msdynaip_CreateFile_V2</operationid>
      </aipluginoperation>
      <description>queryParametersSingleEncoded</description>
      <iscustomizable>1</iscustomizable>
      <path>input/query/queryParametersSingleEncoded</path>
      <propertyname>queryParametersSingleEncoded</propertyname>
      <statecode>0</statecode>
      <statuscode>1</statuscode>
    </aipluginoperationparameter>
    <aipluginoperationparameter aipluginoperationparameterid="706de253-e92f-f011-8c4d-000d3a9589ba">
      <aipluginoperation>
        <aiplugin.name>msdynaip_c82a4649-86d6-429a-b2ba-9f7015892722</aiplugin.name>
        <operationid>msdynaip_CreateFile_V2</operationid>
      </aipluginoperation>
      <description>Spécifiez le type de contenu du blob à charger.</description>
      <iscustomizable>1</iscustomizable>
      <path>input/header/Content-Type</path>
      <propertyname>Content-Type</propertyname>
      <statecode>0</statecode>
      <statuscode>1</statuscode>
    </aipluginoperationparameter>
    <aipluginoperationparameter aipluginoperationparameterid="72950154-e92f-f011-8c4d-002248da8bcc">
      <aipluginoperation>
        <aiplugin.name>msdynaip_c82a4649-86d6-429a-b2ba-9f7015892722</aiplugin.name>
        <operationid>msdynaip_CreateFile_V2</operationid>
      </aipluginoperation>
      <description>Date et heure de dernière modification du fichier ou dossier.</description>
      <iscustomizable>1</iscustomizable>
      <path>output/200/#/definitions/BlobMetadata/LastModified</path>
      <propertyname>LastModified</propertyname>
      <statecode>0</statecode>
      <statuscode>1</statuscode>
    </aipluginoperationparameter>
    <aipluginoperationparameter aipluginoperationparameterid="766de253-e92f-f011-8c4d-000d3a9589ba">
      <aipluginoperation>
        <aiplugin.name>msdynaip_c82a4649-86d6-429a-b2ba-9f7015892722</aiplugin.name>
        <operationid>msdynaip_CreateFile_V2</operationid>
      </aipluginoperation>
      <description>ID unique du fichier ou dossier.</description>
      <iscustomizable>1</iscustomizable>
      <path>output/200/#/definitions/BlobMetadata/Id</path>
      <propertyname>Id</propertyname>
      <statecode>0</statecode>
      <statuscode>1</statuscode>
    </aipluginoperationparameter>
    <aipluginoperationparameter aipluginoperationparameterid="76950154-e92f-f011-8c4d-002248da8bcc">
      <aipluginoperation>
        <aiplugin.name>msdynaip_c82a4649-86d6-429a-b2ba-9f7015892722</aiplugin.name>
        <operationid>msdynaip_CreateFile_V2</operationid>
      </aipluginoperation>
      <description>Etag du fichier ou dossier.</description>
      <iscustomizable>1</iscustomizable>
      <path>output/200/#/definitions/BlobMetadata/ETag</path>
      <propertyname>ETag</propertyname>
      <statecode>0</statecode>
      <statuscode>1</statuscode>
    </aipluginoperationparameter>
    <aipluginoperationparameter aipluginoperationparameterid="7a950154-e92f-f011-8c4d-002248da8bcc">
      <aipluginoperation>
        <aiplugin.name>msdynaip_c82a4649-86d6-429a-b2ba-9f7015892722</aiplugin.name>
        <operationid>msdynaip_CreateFile_V2</operationid>
      </aipluginoperation>
      <description>Localisateur du fichier ou dossier.</description>
      <iscustomizable>1</iscustomizable>
      <path>output/200/#/definitions/BlobMetadata/FileLocator</path>
      <propertyname>FileLocator</propertyname>
      <statecode>0</statecode>
      <statuscode>1</statuscode>
    </aipluginoperationparameter>
    <aipluginoperationparameter aipluginoperationparameterid="7b6de253-e92f-f011-8c4d-000d3a9589ba">
      <aipluginoperation>
        <aiplugin.name>msdynaip_c82a4649-86d6-429a-b2ba-9f7015892722</aiplugin.name>
        <operationid>msdynaip_CreateFile_V2</operationid>
      </aipluginoperation>
      <description>Chemin d'accès au fichier ou dossier.</description>
      <iscustomizable>1</iscustomizable>
      <path>output/200/#/definitions/BlobMetadata/Path</path>
      <propertyname>Path</propertyname>
      <statecode>0</statecode>
      <statuscode>1</statuscode>
    </aipluginoperationparameter>
    <aipluginoperationparameter aipluginoperationparameterid="7de2aa13-e524-f011-8c4d-002248da8bcc">
      <aipluginoperation>
        <aiplugin.name>msdynaip_08d5ea2e-280f-429b-b6bd-477cd396cdbf</aiplugin.name>
        <operationid>msdynaip_AppendFile_V2</operationid>
      </aipluginoperation>
      <description>Localisateur du fichier ou dossier.</description>
      <iscustomizable>1</iscustomizable>
      <path>output/200/#/definitions/BlobMetadata/FileLocator</path>
      <propertyname>FileLocator</propertyname>
      <statecode>0</statecode>
      <statuscode>1</statuscode>
    </aipluginoperationparameter>
    <aipluginoperationparameter aipluginoperationparameterid="826de253-e92f-f011-8c4d-000d3a9589ba">
      <aipluginoperation>
        <aiplugin.name>msdynaip_c82a4649-86d6-429a-b2ba-9f7015892722</aiplugin.name>
        <operationid>msdynaip_CreateFile_V2</operationid>
      </aipluginoperation>
      <description>Taille du fichier ou dossier.</description>
      <iscustomizable>1</iscustomizable>
      <path>output/200/#/definitions/BlobMetadata/Size</path>
      <propertyname>Size</propertyname>
      <statecode>0</statecode>
      <statuscode>1</statuscode>
    </aipluginoperationparameter>
    <aipluginoperationparameter aipluginoperationparameterid="866de253-e92f-f011-8c4d-000d3a9589ba">
      <aipluginoperation>
        <aiplugin.name>msdynaip_c82a4649-86d6-429a-b2ba-9f7015892722</aiplugin.name>
        <operationid>msdynaip_CreateFile_V2</operationid>
      </aipluginoperation>
      <description>Type multimédia du fichier ou dossier.</description>
      <iscustomizable>1</iscustomizable>
      <path>output/200/#/definitions/BlobMetadata/MediaType</path>
      <propertyname>MediaType</propertyname>
      <statecode>0</statecode>
      <statuscode>1</statuscode>
    </aipluginoperationparameter>
    <aipluginoperationparameter aipluginoperationparameterid="8a6de253-e92f-f011-8c4d-000d3a9589ba">
      <aipluginoperation>
        <aiplugin.name>msdynaip_c82a4649-86d6-429a-b2ba-9f7015892722</aiplugin.name>
        <operationid>msdynaip_CreateFile_V2</operationid>
      </aipluginoperation>
      <description>Valeur booléenne (true, false) déterminant si le blob est un dossier.</description>
      <iscustomizable>1</iscustomizable>
      <path>output/200/#/definitions/BlobMetadata/IsFolder</path>
      <propertyname>IsFolder</propertyname>
      <statecode>0</statecode>
      <statuscode>1</statuscode>
    </aipluginoperationparameter>
    <aipluginoperationparameter aipluginoperationparameterid="e615a90d-e524-f011-8c4d-002248da8bcc">
      <aipluginoperation>
        <aiplugin.name>msdynaip_08d5ea2e-280f-429b-b6bd-477cd396cdbf</aiplugin.name>
        <operationid>msdynaip_AppendFile_V2</operationid>
      </aipluginoperation>
      <description>Nom du compte de stockage Azure ou point de terminaison d’objet blob.</description>
      <iscustomizable>1</iscustomizable>
      <path>input/path/dataset</path>
      <propertyname>dataset</propertyname>
      <statecode>0</statecode>
      <statuscode>1</statuscode>
    </aipluginoperationparameter>
    <aipluginoperationparameter aipluginoperationparameterid="eb15a90d-e524-f011-8c4d-002248da8bcc">
      <aipluginoperation>
        <aiplugin.name>msdynaip_08d5ea2e-280f-429b-b6bd-477cd396cdbf</aiplugin.name>
        <operationid>msdynaip_AppendFile_V2</operationid>
      </aipluginoperation>
      <description>input</description>
      <iscustomizable>1</iscustomizable>
      <path>input/body/input</path>
      <propertyname>input</propertyname>
      <statecode>0</statecode>
      <statuscode>1</statuscode>
    </aipluginoperationparameter>
    <aipluginoperationparameter aipluginoperationparameterid="ef15a90d-e524-f011-8c4d-002248da8bcc">
      <aipluginoperation>
        <aiplugin.name>msdynaip_08d5ea2e-280f-429b-b6bd-477cd396cdbf</aiplugin.name>
        <operationid>msdynaip_AppendFile_V2</operationid>
      </aipluginoperation>
      <description>ID unique du fichier ou dossier.</description>
      <iscustomizable>1</iscustomizable>
      <path>output/200/#/definitions/BlobMetadata/Id</path>
      <propertyname>Id</propertyname>
      <statecode>0</statecode>
      <statuscode>1</statuscode>
    </aipluginoperationparameter>
    <aipluginoperationparameter aipluginoperationparameterid="f315a90d-e524-f011-8c4d-002248da8bcc">
      <aipluginoperation>
        <aiplugin.name>msdynaip_08d5ea2e-280f-429b-b6bd-477cd396cdbf</aiplugin.name>
        <operationid>msdynaip_AppendFile_V2</operationid>
      </aipluginoperation>
      <description>Nom d'affichage du fichier ou dossier.</description>
      <iscustomizable>1</iscustomizable>
      <path>output/200/#/definitions/BlobMetadata/DisplayName</path>
      <propertyname>DisplayName</propertyname>
      <statecode>0</statecode>
      <statuscode>1</statuscode>
    </aipluginoperationparameter>
    <aipluginoperationparameter aipluginoperationparameterid="f815a90d-e524-f011-8c4d-002248da8bcc">
      <aipluginoperation>
        <aiplugin.name>msdynaip_08d5ea2e-280f-429b-b6bd-477cd396cdbf</aiplugin.name>
        <operationid>msdynaip_AppendFile_V2</operationid>
      </aipluginoperation>
      <description>Date et heure de dernière modification du fichier ou dossier.</description>
      <iscustomizable>1</iscustomizable>
      <path>output/200/#/definitions/BlobMetadata/LastModified</path>
      <propertyname>LastModified</propertyname>
      <statecode>0</statecode>
      <statuscode>1</statuscode>
    </aipluginoperationparameter>
  </aipluginoperationparameters>
  <connectionreferences>
    <connectionreference connectionreferencelogicalname="crb02_assistant1_I8b4_o.shared_azureblob.shared-azureblob-2a7cede1-268f-43d7-837a-207f8c766ee3">
      <connectionreferencedisplayname>crb02_assistant1_I8b4_o.shared_azureblob.shared-azureblob-2a7cede1-268f-43d7-837a-207f8c766ee3</connectionreferencedisplayname>
      <connectorid>/providers/Microsoft.PowerApps/apis/shared_azureblob</connectorid>
      <iscustomizable>0</iscustomizable>
      <promptingbehavior>0</promptingbehavior>
      <statecode>0</statecode>
      <statuscode>1</statuscode>
    </connectionreference>
    <connectionreference connectionreferencelogicalname="crb02_assistant1_I8b4_o.shared_trad-5f2eccab2e875b1307-5f6f8b7ace4f2ec7eb.1e20275fe5ce4c53b7bf96d096a817c8">
      <connectionreferencedisplayname>crb02_assistant1_I8b4_o.shared_trad-5f2eccab2e875b1307-5f6f8b7ace4f2ec7eb.1e20275fe5ce4c53b7bf96d096a817c8</connectionreferencedisplayname>
      <connectorid>/providers/Microsoft.PowerApps/apis/shared_trad-5f2eccab2e875b1307-5f6f8b7ace4f2ec7eb</connectorid>
      <customconnectorid>
        <connectorid>290bc3e4-7d74-4d08-9981-75f608f48372</connectorid>
      </customconnectorid>
      <iscustomizable>0</iscustomizable>
      <promptingbehavior>0</promptingbehavior>
      <statecode>0</statecode>
      <statuscode>1</statuscode>
    </connectionreference>
  </connectionreferences>
  <Languages>
    <Language>1036</Language>
  </Languages>
</ImportExportXml>