<environmentvariabledefinition schemaname="bcl_functranslatordemocheck_status">
  <defaultvalue>https://func-translator-demo-fffbc0bkdpceeaaq.francecentral-01.azurewebsites.net/api/check_status?code=WfgPnWvnJBhlz4YboZffYpg8UfLjGVLV3H3l8fU2AUrrAzFu5mcAug==</defaultvalue>
  <displayname default="func-translator-demo-check_status">
    <label description="func-translator-demo-check_status" languagecode="1036" />
  </displayname>
  <introducedversion>1.0.0.3</introducedversion>
  <iscustomizable>1</iscustomizable>
  <isrequired>0</isrequired>
  <secretstore>0</secretstore>
  <type>100000000</type>
</environmentvariabledefinition>